{"cameraMode":{"drawMode":0,"name":"Shaded","section":"Shading Mode"},"sceneLighting":false,"audioPlay":false,"sceneViewState":{"showFog":true,"showMaterialUpdate":false,"showSkybox":false,"showFlares":true,"showImageEffects":true,"showParticleSystems":true},"in2DMode":false,"pivot":{"x":0.314788818359375,"y":0.5546655654907227,"z":0.4549579620361328},"rotation":{"x":-0.08658269792795181,"y":-0.32302483916282656,"z":0.03395773470401764,"w":-0.9422724843025208},"size":21.319446563720704,"orthographic":false}