{"cameraMode":{"drawMode":0,"name":"Shaded","section":"Shading Mode"},"sceneLighting":false,"audioPlay":false,"sceneViewState":{"showFog":true,"showMaterialUpdate":false,"showSkybox":false,"showFlares":true,"showImageEffects":true,"showParticleSystems":true},"in2DMode":false,"pivot":{"x":-84.48098754882813,"y":6.155629634857178,"z":-312.2412109375},"rotation":{"x":0.07583576440811157,"y":0.8019804954528809,"z":0.10426954925060272,"w":-0.5832775831222534},"size":5.112220764160156,"orthographic":false}