{"cameraMode":{"drawMode":0,"name":"Shaded","section":"Shading Mode"},"sceneLighting":false,"audioPlay":false,"sceneViewState":{"showFog":true,"showMaterialUpdate":true,"showSkybox":false,"showFlares":true,"showImageEffects":true,"showParticleSystems":true},"in2DMode":false,"pivot":{"x":-0.10500001907348633,"y":3.450000286102295,"z":6.085000038146973},"rotation":{"x":0.15186747908592225,"y":-0.8447806239128113,"z":0.3151116669178009,"w":0.4053570628166199},"size":6.238818645477295,"orthographic":false}