{"cameraMode":{"drawMode":0,"name":"Shaded","section":"Shading Mode"},"sceneLighting":true,"audioPlay":false,"sceneViewState":{"showFog":true,"showMaterialUpdate":false,"showSkybox":true,"showFlares":true,"showImageEffects":true,"showParticleSystems":true},"in2DMode":false,"pivot":{"x":-3.331602096557617,"y":43.99118423461914,"z":-0.3137003183364868},"rotation":{"x":0.03167576342821121,"y":-0.96272212266922,"z":0.23183737695217133,"w":0.1377374827861786},"size":26.262805938720704,"orthographic":false}