{"cameraMode":{"drawMode":0,"name":"Shaded","section":"Shading Mode"},"sceneLighting":true,"audioPlay":false,"sceneViewState":{"showFog":true,"showMaterialUpdate":false,"showSkybox":false,"showFlares":true,"showImageEffects":true,"showParticleSystems":true},"in2DMode":false,"pivot":{"x":-6.949999809265137,"y":43.79999923706055,"z":22.200000762939454},"rotation":{"x":-0.06979057192802429,"y":0.7824424505233765,"z":-0.08909183740615845,"w":-0.6124670505523682},"size":2.066028356552124,"orthographic":false}