{"cameraMode":{"drawMode":0,"name":"Shaded","section":"Shading Mode"},"sceneLighting":true,"audioPlay":false,"sceneViewState":{"showFog":true,"showMaterialUpdate":false,"showSkybox":true,"showFlares":true,"showImageEffects":true,"showParticleSystems":true},"in2DMode":false,"pivot":{"x":-10.22061538696289,"y":45.599708557128909,"z":14.990449905395508},"rotation":{"x":-0.5165278315544128,"y":-0.2233087122440338,"z":0.1416298896074295,"w":-0.8144164681434631},"size":0.13133473694324494,"orthographic":false}