{"cameraMode":{"drawMode":0,"name":"Shaded","section":"Shading Mode"},"sceneLighting":true,"audioPlay":false,"sceneViewState":{"showFog":true,"showMaterialUpdate":false,"showSkybox":false,"showFlares":true,"showImageEffects":true,"showParticleSystems":true},"in2DMode":false,"pivot":{"x":-6.949999809265137,"y":43.79999923706055,"z":22.200000762939454},"rotation":{"x":0.24183747172355653,"y":-0.12490259110927582,"z":0.03376516327261925,"w":0.961904764175415},"size":6.062177658081055,"orthographic":false}