{"cameraMode":{"drawMode":0,"name":"Shaded","section":"Shading Mode"},"sceneLighting":true,"audioPlay":false,"sceneViewState":{"showFog":true,"showMaterialUpdate":false,"showSkybox":true,"showFlares":true,"showImageEffects":true,"showParticleSystems":true},"in2DMode":false,"pivot":{"x":-10.350000381469727,"y":45.023475646972659,"z":15.693933486938477},"rotation":{"x":-0.2495734691619873,"y":0.6717385053634644,"z":-0.26485297083854678,"w":-0.6458746790885925},"size":0.7438793182373047,"orthographic":false}